District Name,Market Name,Commodity,Variety,Grade,Min Price (Rs./Quintal),Max Price (Rs./Quintal),Modal Price (Rs./Quintal),Price Date,Day Of Week,lookback_temp_mean,lookback_precip_sum
Ariyalur,Ariyalur Market,Bajra(Pearl Millet/Cumbu),Other,FAQ,1371.0,1379.0,1372.0,2017-11-22,2,27.731304347826086,884.9
Ariyalur,Ariyalur Market,Bajra(Pearl Millet/Cumbu),Other,FAQ,1371.0,1480.0,1480.0,2016-01-18,0,25.505217391304353,960.4
Ariyalur,Ariyalur Market,Bajra(Pearl Millet/Cumbu),Other,FAQ,1700.0,1739.0,1728.0,2017-08-29,1,30.909565217391304,307.7
Ariyalur,Ariyalur Market,Bajra(Pearl Millet/Cumbu),Other,FAQ,1960.0,2000.0,2000.0,2015-03-10,1,24.519130434782607,243.1
Cuddalore,Cuddalore,Bajra(Pearl Millet/Cumbu),Bold,FAQ,1519.0,1519.0,1519.0,2016-08-29,0,29.936521739130438,420.1
Coimbatore,Karamadai,Bajra(Pearl Millet/Cumbu),Other,FAQ,1800.0,2000.0,1900.0,2016-07-16,5,27.54695652173913,184.70000000000002
Cuddalore,Sethiathoppu,Bajra(Pearl Millet/Cumbu),Other,FAQ,1215.0,1289.0,1239.0,2015-09-01,1,30.357391304347825,282.5
Coimbatore,Thiruppur,Bajra(Pearl Millet/Cumbu),Other,FAQ,1200.0,1300.0,1250.0,2015-06-24,2,26.626956521739128,434.2
Coimbatore,Thiruppur,Bajra(Pearl Millet/Cumbu),Other,FAQ,1200.0,1400.0,1300.0,2015-03-18,2,23.622608695652172,135.2
Coimbatore,Thiruppur,Bajra(Pearl Millet/Cumbu),Other,FAQ,1250.0,1450.0,1350.0,2017-05-04,3,27.296521739130434,104.7
Coimbatore,Thiruppur,Bajra(Pearl Millet/Cumbu),Other,FAQ,1300.0,1500.0,1400.0,2016-11-09,2,25.077391304347824,280.0
Coimbatore,Thiruppur,Bajra(Pearl Millet/Cumbu),Other,FAQ,1350.0,1550.0,1450.0,2017-05-24,2,27.916521739130435,122.0
Coimbatore,Thiruppur,Bajra(Pearl Millet/Cumbu),Other,FAQ,1450.0,1550.0,1500.0,2018-02-26,0,24.82521739130435,231.1
Coimbatore,Thiruppur,Bajra(Pearl Millet/Cumbu),Other,FAQ,1600.0,1700.0,1650.0,2018-07-11,2,27.180869565217392,251.29999999999998
Coimbatore,Thiruppur,Bajra(Pearl Millet/Cumbu),Other,FAQ,1650.0,1750.0,1700.0,2018-09-24,0,24.918260869565216,344.29999999999995
Coimbatore,Thiruppur,Bajra(Pearl Millet/Cumbu),Other,FAQ,1650.0,1880.0,1750.0,2018-10-10,2,24.89913043478261,529.4
Cuddalore,Tittakudi,Bajra(Pearl Millet/Cumbu),Bold,FAQ,1524.0,1527.0,1527.0,2017-01-21,5,26.51565217391304,160.20000000000002
Cuddalore,Virudhachalam,Bajra(Pearl Millet/Cumbu),Other,FAQ,1789.0,4209.0,1789.0,2016-07-28,3,30.406086956521737,381.3
Ariyalur,Ariyalur Market,Bajra(Pearl Millet/Cumbu),Other,FAQ,1000.0,1191.0,1180.0,2017-11-30,3,27.39913043478261,879.7
Ariyalur,Ariyalur Market,Bajra(Pearl Millet/Cumbu),Other,FAQ,1006.0,1150.0,1050.0,2017-11-17,4,27.968695652173913,902.7
Ariyalur,Ariyalur Market,Bajra(Pearl Millet/Cumbu),Other,FAQ,1300.0,1334.0,1325.0,2017-10-24,1,29.230434782608697,605.1
Ariyalur,Ariyalur Market,Bajra(Pearl Millet/Cumbu),Other,FAQ,1310.0,1310.0,1310.0,2015-04-06,0,25.5,168.4
Ariyalur,Ariyalur Market,Bajra(Pearl Millet/Cumbu),Other,FAQ,1669.0,1669.0,1669.0,2016-08-11,3,30.091304347826085,381.20000000000005
Coimbatore,Karamadai,Bajra(Pearl Millet/Cumbu),Other,FAQ,1600.0,1800.0,1700.0,2018-02-26,0,24.82521739130435,231.1
Cuddalore,Sethiathoppu,Bajra(Pearl Millet/Cumbu),Other,FAQ,1415.0,0.0,0.0,2015-09-02,2,30.36,278.5
Cuddalore,Shrimushnam,Bajra(Pearl Millet/Cumbu),Bold,FAQ,1271.0,1271.0,1271.0,2018-02-05,0,24.927826086956525,669.1
Cuddalore,Shrimushnam,Bajra(Pearl Millet/Cumbu),Bold,FAQ,1369.0,1479.0,1439.0,2018-05-14,0,27.829565217391306,63.199999999999996
Coimbatore,Thiruppur,Bajra(Pearl Millet/Cumbu),Other,FAQ,1200.0,1300.0,1250.0,2015-04-09,3,24.778260869565216,90.8
Coimbatore,Thiruppur,Bajra(Pearl Millet/Cumbu),Other,FAQ,1350.0,1450.0,1400.0,2017-01-25,2,24.916521739130435,219.20000000000002
Coimbatore,Thiruppur,Bajra(Pearl Millet/Cumbu),Other,FAQ,1450.0,1550.0,1500.0,2018-02-17,5,24.7,266.79999999999995
Coimbatore,Thiruppur,Bajra(Pearl Millet/Cumbu),Other,FAQ,1500.0,1600.0,1550.0,2018-05-10,3,27.417391304347827,128.8
Coimbatore,Thiruppur,Bajra(Pearl Millet/Cumbu),Other,FAQ,1550.0,1650.0,1600.0,2018-06-06,2,27.876521739130435,248.79999999999998
Coimbatore,Thiruppur,Bajra(Pearl Millet/Cumbu),Other,FAQ,1600.0,1700.0,1650.0,2018-07-10,1,27.196521739130436,267.1
Coimbatore,Thiruppur,Bajra(Pearl Millet/Cumbu),Other,FAQ,1600.0,1800.0,1700.0,2018-09-27,3,24.933043478260867,328.29999999999995
Coimbatore,Thiruppur,Bajra(Pearl Millet/Cumbu),Other,FAQ,1650.0,1850.0,1750.0,2018-10-31,2,24.96608695652174,559.3000000000001
Cuddalore,Virudhachalam,Bajra(Pearl Millet/Cumbu),Other,FAQ,1259.0,1440.0,1389.0,2018-10-08,0,30.315652173913044,321.09999999999997
Cuddalore,Virudhachalam,Bajra(Pearl Millet/Cumbu),Other,FAQ,1494.0,2843.0,1551.0,2016-10-25,1,29.70521739130435,263.4
Ariyalur,Ariyalur Market,Bajra(Pearl Millet/Cumbu),Other,FAQ,1463.0,1463.0,1463.0,2015-08-12,2,30.327826086956524,266.40000000000003
Cuddalore,Cuddalore,Bajra(Pearl Millet/Cumbu),Bold,FAQ,1069.0,1189.0,1129.0,2017-06-13,1,30.586086956521736,130.1
Salem,Gangavalli,Bajra(Pearl Millet/Cumbu),Other,FAQ,1900.0,2000.0,1950.0,2017-09-14,3,27.616521739130434,554.0999999999999
Salem,Gangavalli,Bajra(Pearl Millet/Cumbu),Other,FAQ,1900.0,2100.0,2000.0,2017-06-06,1,29.64086956521739,219.9
Salem,Gangavalli,Bajra(Pearl Millet/Cumbu),Other,FAQ,2100.0,2300.0,2200.0,2017-05-25,3,29.086086956521736,186.8
Cuddalore,Shrimushnam,Bajra(Pearl Millet/Cumbu),Bold,FAQ,1579.0,1579.0,1579.0,2016-10-14,4,29.682608695652174,291.09999999999997
Cuddalore,Shrimushnam,Bajra(Pearl Millet/Cumbu),Bold,FAQ,1600.0,1600.0,1600.0,2016-11-14,0,29.314782608695655,280.1
Coimbatore,Thiruppur,Bajra(Pearl Millet/Cumbu),Other,FAQ,1100.0,1300.0,1200.0,2016-06-15,2,28.609565217391303,84.5
Coimbatore,Thiruppur,Bajra(Pearl Millet/Cumbu),Other,FAQ,1100.0,1300.0,1200.0,2015-06-17,2,26.771304347826085,409.7
Coimbatore,Thiruppur,Bajra(Pearl Millet/Cumbu),Other,FAQ,1100.0,1300.0,1200.0,2016-01-23,5,23.749565217391304,478.4
Coimbatore,Thiruppur,Bajra(Pearl Millet/Cumbu),Other,FAQ,1150.0,1350.0,1250.0,2015-04-07,1,24.684347826086956,95.1
Coimbatore,Thiruppur,Bajra(Pearl Millet/Cumbu),Other,FAQ,1200.0,1300.0,1250.0,2015-05-07,3,25.885217391304348,128.5
Coimbatore,Thiruppur,Bajra(Pearl Millet/Cumbu),Other,FAQ,1200.0,1300.0,1250.0,2015-05-13,2,26.114782608695656,170.60000000000002
Coimbatore,Thiruppur,Bajra(Pearl Millet/Cumbu),Other,FAQ,1500.0,1600.0,1550.0,2018-05-09,2,27.40086956521739,116.7
Coimbatore,Thiruppur,Bajra(Pearl Millet/Cumbu),Other,FAQ,1500.0,1600.0,1550.0,2018-03-28,2,25.684347826086956,111.6
Coimbatore,Thiruppur,Bajra(Pearl Millet/Cumbu),Other,FAQ,1650.0,1750.0,1700.0,2018-08-09,3,26.140869565217393,272.90000000000003
Cuddalore,Virudhachalam,Bajra(Pearl Millet/Cumbu),Other,FAQ,5161.0,7495.0,6329.0,2017-06-13,1,30.586086956521736,130.1
Ariyalur,Ariyalur Market,Bajra(Pearl Millet/Cumbu),Other,FAQ,1261.0,1261.0,1261.0,2015-01-28,2,24.71217391304348,608.6999999999999
Ariyalur,Ariyalur Market,Bajra(Pearl Millet/Cumbu),Other,FAQ,1273.0,1310.0,1295.0,2017-10-04,2,29.833913043478262,469.6
Ariyalur,Ariyalur Market,Bajra(Pearl Millet/Cumbu),Other,FAQ,1426.0,1426.0,1426.0,2016-01-21,3,25.417391304347827,920.0
Ariyalur,Ariyalur Market,Bajra(Pearl Millet/Cumbu),Other,FAQ,1435.0,1435.0,1435.0,2015-05-21,3,27.590434782608696,157.70000000000002
Ariyalur,Ariyalur Market,Bajra(Pearl Millet/Cumbu),Other,FAQ,1537.0,1539.0,1539.0,2015-09-09,2,30.51217391304348,237.1
Ariyalur,Ariyalur Market,Bajra(Pearl Millet/Cumbu),Other,FAQ,1625.0,1630.0,1629.0,2016-10-27,3,29.76608695652174,251.5
Coimbatore,Karamadai,Bajra(Pearl Millet/Cumbu),Other,FAQ,1500.0,1600.0,1550.0,2016-02-26,4,23.79478260869565,314.8
Cuddalore,Sethiathoppu,Bajra(Pearl Millet/Cumbu),Other,FAQ,1156.0,1315.0,1267.0,2015-08-31,0,30.353043478260872,284.0
Cuddalore,Shrimushnam,Bajra(Pearl Millet/Cumbu),Bold,FAQ,1500.0,1571.0,1561.0,2016-12-09,4,28.444347826086954,226.79999999999998
Cuddalore,Shrimushnam,Bajra(Pearl Millet/Cumbu),Bold,FAQ,1561.0,1561.0,1561.0,2016-10-05,2,29.669565217391305,339.09999999999997
Cuddalore,Shrimushnam,Bajra(Pearl Millet/Cumbu),Bold,FAQ,1629.0,1629.0,1629.0,2016-11-16,2,29.289565217391306,262.9
Coimbatore,Thiruppur,Bajra(Pearl Millet/Cumbu),Other,FAQ,1100.0,1300.0,1250.0,2015-04-29,2,25.49391304347826,112.1
Coimbatore,Thiruppur,Bajra(Pearl Millet/Cumbu),Other,FAQ,1200.0,1300.0,1250.0,2015-06-01,0,26.620869565217394,368.09999999999997
Coimbatore,Thiruppur,Bajra(Pearl Millet/Cumbu),Other,FAQ,1200.0,1400.0,1300.0,2016-08-24,2,25.692173913043483,267.7
Coimbatore,Thiruppur,Bajra(Pearl Millet/Cumbu),Other,FAQ,1250.0,1450.0,1350.0,2016-12-17,5,25.012173913043476,291.40000000000003
Coimbatore,Thiruppur,Bajra(Pearl Millet/Cumbu),Other,FAQ,1330.0,1400.0,1380.0,2016-12-21,2,24.970434782608695,283.2
Coimbatore,Thiruppur,Bajra(Pearl Millet/Cumbu),Other,FAQ,1500.0,1600.0,1550.0,2018-04-25,2,26.876521739130432,112.2
Ariyalur,Ariyalur Market,Bajra(Pearl Millet/Cumbu),Other,FAQ,1359.0,1560.0,1409.0,2017-11-27,0,27.533043478260872,871.1
Ariyalur,Ariyalur Market,Bajra(Pearl Millet/Cumbu),Other,FAQ,1479.0,1603.0,1569.0,2015-09-29,1,30.481739130434782,270.09999999999997
Ariyalur,Ariyalur Market,Bajra(Pearl Millet/Cumbu),Other,FAQ,1531.0,1531.0,1531.0,2015-10-28,2,29.658260869565215,347.59999999999997
Ariyalur,Ariyalur Market,Bajra(Pearl Millet/Cumbu),Other,FAQ,1552.0,1629.0,1553.0,2015-10-19,0,30.03391304347826,313.09999999999997
Ariyalur,Ariyalur Market,Bajra(Pearl Millet/Cumbu),Other,FAQ,1569.0,1603.0,1601.0,2015-09-01,1,30.383478260869566,267.2
Ariyalur,Ariyalur Market,Bajra(Pearl Millet/Cumbu),Other,FAQ,1700.0,1700.0,1700.0,2016-09-12,0,29.754782608695653,313.40000000000003
Ariyalur,Ariyalur Market,Bajra(Pearl Millet/Cumbu),Other,FAQ,1700.0,1821.0,1819.0,2018-12-12,2,27.30608695652174,618.7
Salem,Gangavalli,Bajra(Pearl Millet/Cumbu),Other,FAQ,1700.0,1800.0,1750.0,2017-11-06,0,26.479130434782608,716.9
Coimbatore,Karamadai,Bajra(Pearl Millet/Cumbu),Other,FAQ,1300.0,1400.0,1350.0,2015-06-09,1,26.76086956521739,378.4
Coimbatore,Karamadai,Bajra(Pearl Millet/Cumbu),Other,FAQ,1600.0,1800.0,1700.0,2018-02-27,1,24.867826086956523,223.4
Cuddalore,Sethiathoppu,Bajra(Pearl Millet/Cumbu),Other,FAQ,0.0,974.0,0.0,2015-09-04,4,30.373043478260872,300.3
Cuddalore,Shrimushnam,Bajra(Pearl Millet/Cumbu),Bold,FAQ,1409.0,1449.0,1419.0,2018-09-24,0,30.78782608695652,210.9
Cuddalore,Shrimushnam,Bajra(Pearl Millet/Cumbu),Bold,FAQ,1463.0,1463.0,1463.0,2016-10-20,3,29.746956521739133,258.0
Cuddalore,Shrimushnam,Bajra(Pearl Millet/Cumbu),Bold,FAQ,1559.0,1852.0,1679.0,2017-06-06,1,30.19391304347826,122.7
Coimbatore,Thiruppur,Bajra(Pearl Millet/Cumbu),Other,FAQ,1100.0,1300.0,1200.0,2016-02-03,2,23.717391304347824,446.3
Coimbatore,Thiruppur,Bajra(Pearl Millet/Cumbu),Other,FAQ,1150.0,1350.0,1250.0,2015-04-20,0,25.114782608695652,133.8
Coimbatore,Thiruppur,Bajra(Pearl Millet/Cumbu),Other,FAQ,1200.0,1400.0,1300.0,2015-03-27,4,24.082608695652173,117.3
Coimbatore,Thiruppur,Bajra(Pearl Millet/Cumbu),Other,FAQ,1300.0,1500.0,1400.0,2017-03-15,2,25.241739130434784,153.7
Coimbatore,Thiruppur,Bajra(Pearl Millet/Cumbu),Other,FAQ,1350.0,1550.0,1450.0,2017-06-07,2,28.149565217391306,156.2
Coimbatore,Thiruppur,Bajra(Pearl Millet/Cumbu),Other,FAQ,1500.0,1600.0,1550.0,2018-03-07,2,25.143478260869564,165.9
Coimbatore,Thiruppur,Bajra(Pearl Millet/Cumbu),Other,FAQ,1700.0,1800.0,1750.0,2018-12-05,2,24.979999999999997,674.2
Cuddalore,Virudhachalam,Bajra(Pearl Millet/Cumbu),Other,FAQ,6623.0,9236.0,7748.0,2017-12-08,4,27.166086956521738,1044.3
Ariyalur,Ariyalur Market,Bajra(Pearl Millet/Cumbu),Other,FAQ,1143.0,1193.0,1161.0,2015-02-12,3,24.380869565217388,388.6
Ariyalur,Ariyalur Market,Bajra(Pearl Millet/Cumbu),Other,FAQ,1460.0,1550.0,1500.0,2017-12-19,1,26.793913043478263,825.1999999999999
Ariyalur,Ariyalur Market,Bajra(Pearl Millet/Cumbu),Other,FAQ,1684.0,1684.0,1684.0,2016-10-18,1,29.86,237.29999999999998
Ariyalur,Ariyalur Market,Bajra(Pearl Millet/Cumbu),Other,FAQ,1700.0,1766.0,1720.0,2017-01-30,0,26.114782608695652,196.0
Ariyalur,Ariyalur Market,Bajra(Pearl Millet/Cumbu),Other,FAQ,2700.0,2920.0,2760.0,2016-10-19,2,29.86695652173913,238.79999999999998
Cuddalore,Bhuvanagiri,Bajra(Pearl Millet/Cumbu),Other,FAQ,985.0,1286.0,1085.0,2015-09-08,1,30.44782608695652,252.50000000000003
Vellore,Katpadi,Bajra(Pearl Millet/Cumbu),Bold,FAQ,1275.0,1450.0,1300.0,2016-08-04,3,29.54869565217391,515.8
Cuddalore,Shrimushnam,Bajra(Pearl Millet/Cumbu),Bold,FAQ,1639.0,1659.0,1659.0,2017-01-03,1,27.37478260869565,179.50000000000003
Salem,Thammampati,Bajra(Pearl Millet/Cumbu),Other,FAQ,2000.0,2100.0,2050.0,2018-10-06,5,27.328695652173916,407.7
Coimbatore,Thiruppur,Bajra(Pearl Millet/Cumbu),Other,FAQ,1200.0,1400.0,1300.0,2015-04-15,2,24.96608695652174,113.5
Coimbatore,Thiruppur,Bajra(Pearl Millet/Cumbu),Other,FAQ,1300.0,1500.0,1400.0,2017-04-19,2,26.755652173913045,78.3
Coimbatore,Thiruppur,Bajra(Pearl Millet/Cumbu),Other,FAQ,1450.0,1600.0,1500.0,2018-02-16,4,24.696521739130436,278.59999999999997
Coimbatore,Thiruppur,Bajra(Pearl Millet/Cumbu),Other,FAQ,1600.0,1800.0,1700.0,2018-09-26,2,24.92086956521739,329.3
Cuddalore,Tittakudi,Bajra(Pearl Millet/Cumbu),Bold,FAQ,1569.0,1569.0,1569.0,2016-11-02,2,29.568695652173915,290.8
Cuddalore,Tittakudi,Bajra(Pearl Millet/Cumbu),Bold,FAQ,1762.0,1762.0,1762.0,2017-05-10,2,28.160869565217393,180.9
Cuddalore,Virudhachalam,Bajra(Pearl Millet/Cumbu),Other,FAQ,1600.0,1603.0,1602.0,2016-08-12,4,30.169565217391305,384.5
Cuddalore,Virudhachalam,Bajra(Pearl Millet/Cumbu),Other,FAQ,6824.0,7874.0,7699.0,2018-07-10,1,30.868695652173916,159.2
Ariyalur,Ariyalur Market,Bajra(Pearl Millet/Cumbu),Other,FAQ,1275.0,1280.0,1280.0,2015-02-09,0,24.351304347826087,482.6
Ariyalur,Ariyalur Market,Bajra(Pearl Millet/Cumbu),Other,FAQ,1465.0,1493.0,1471.0,2015-08-05,2,30.132173913043477,278.79999999999995
Ariyalur,Ariyalur Market,Bajra(Pearl Millet/Cumbu),Other,FAQ,1569.0,1591.0,1580.0,2015-09-30,2,30.44173913043478,272.7
Ariyalur,Ariyalur Market,Bajra(Pearl Millet/Cumbu),Other,FAQ,1594.0,1613.0,1605.0,2017-01-24,1,26.410434782608693,147.4
Ariyalur,Ariyalur Market,Bajra(Pearl Millet/Cumbu),Other,FAQ,1800.0,1907.0,1850.0,2018-11-15,3,28.538260869565217,482.8
Salem,Gangavalli,Bajra(Pearl Millet/Cumbu),Other,FAQ,1900.0,2100.0,2000.0,2017-05-31,2,29.38608695652174,197.6
Coimbatore,Karamadai,Bajra(Pearl Millet/Cumbu),Other,FAQ,1850.0,1900.0,1875.0,2015-08-10,0,25.58869565217391,483.09999999999997
Cuddalore,Shrimushnam,Bajra(Pearl Millet/Cumbu),Bold,FAQ,1007.0,1007.0,1007.0,2016-09-30,4,29.68521739130435,345.9
Cuddalore,Shrimushnam,Bajra(Pearl Millet/Cumbu),Bold,FAQ,1302.0,1302.0,1302.0,2018-02-07,2,24.9,660.8
Cuddalore,Shrimushnam,Bajra(Pearl Millet/Cumbu),Bold,FAQ,1419.0,1441.0,1427.0,2018-10-22,0,29.793913043478263,380.9
Cuddalore,Shrimushnam,Bajra(Pearl Millet/Cumbu),Bold,FAQ,1617.0,1812.0,1719.0,2017-08-17,3,31.71913043478261,341.29999999999995
Coimbatore,Thiruppur,Bajra(Pearl Millet/Cumbu),Other,FAQ,1250.0,1450.0,1350.0,2016-10-05,2,24.836521739130436,270.1
Coimbatore,Thiruppur,Bajra(Pearl Millet/Cumbu),Other,FAQ,1500.0,1600.0,1550.0,2018-06-21,3,27.67304347826087,276.4
Coimbatore,Thiruppur,Bajra(Pearl Millet/Cumbu),Other,FAQ,1600.0,1700.0,1650.0,2018-07-19,3,26.887826086956522,266.5
Coimbatore,Thiruppur,Bajra(Pearl Millet/Cumbu),Other,FAQ,1600.0,1750.0,1650.0,2018-09-21,4,24.916521739130435,334.1
Coimbatore,Thiruppur,Bajra(Pearl Millet/Cumbu),Other,FAQ,1650.0,1850.0,1750.0,2018-11-28,2,25.001739130434785,655.3000000000001
Cuddalore,Tittakudi,Bajra(Pearl Millet/Cumbu),Bold,FAQ,1663.0,1663.0,1663.0,2017-01-23,0,26.45391304347826,149.5
Cuddalore,Virudhachalam,Bajra(Pearl Millet/Cumbu),Other,FAQ,6800.0,7389.0,7262.0,2017-01-12,3,26.979999999999997,170.0
Ariyalur,Ariyalur Market,Bajra(Pearl Millet/Cumbu),Other,FAQ,1400.0,2000.0,1600.0,2017-04-12,2,26.406086956521737,118.3
Ariyalur,Ariyalur Market,Bajra(Pearl Millet/Cumbu),Other,FAQ,1621.0,1621.0,1621.0,2015-12-21,0,27.04695652173913,1022.4999999999999
Cuddalore,Shrimushnam,Bajra(Pearl Millet/Cumbu),Bold,FAQ,1069.0,1069.0,1069.0,2016-11-04,4,29.523478260869567,295.1
Coimbatore,Thiruppur,Bajra(Pearl Millet/Cumbu),Other,FAQ,1100.0,1300.0,1200.0,2015-04-22,2,25.221739130434784,119.7
Coimbatore,Thiruppur,Bajra(Pearl Millet/Cumbu),Other,FAQ,1450.0,1550.0,1500.0,2018-01-31,2,24.615652173913045,312.90000000000003
Coimbatore,Thiruppur,Bajra(Pearl Millet/Cumbu),Other,FAQ,1510.0,1600.0,1550.0,2018-03-21,2,25.37130434782609,202.1
Coimbatore,Thiruppur,Bajra(Pearl Millet/Cumbu),Other,FAQ,1550.0,1750.0,1650.0,2018-07-18,2,26.93913043478261,261.70000000000005
Coimbatore,Thiruppur,Bajra(Pearl Millet/Cumbu),Other,FAQ,1600.0,1700.0,1650.0,2018-08-29,2,25.27130434782609,440.8
Coimbatore,Thiruppur,Bajra(Pearl Millet/Cumbu),Other,FAQ,2200.0,2400.0,2300.0,2018-02-14,2,24.674782608695654,278.59999999999997
Cuddalore,Virudhachalam,Bajra(Pearl Millet/Cumbu),Other,FAQ,1676.0,4189.0,2933.0,2016-07-29,4,30.38,382.0
Ariyalur,Ariyalur Market,Bajra(Pearl Millet/Cumbu),Other,FAQ,1141.0,1216.0,1163.0,2018-01-18,3,25.615652173913045,663.5
Ariyalur,Ariyalur Market,Bajra(Pearl Millet/Cumbu),Other,FAQ,1329.0,1329.0,1329.0,2015-02-24,1,24.292173913043477,307.8
Ariyalur,Ariyalur Market,Bajra(Pearl Millet/Cumbu),Other,FAQ,1389.0,1462.0,1460.0,2016-01-11,0,25.92695652173913,976.0999999999999
Ariyalur,Ariyalur Market,Bajra(Pearl Millet/Cumbu),Other,FAQ,1600.0,1600.0,1600.0,2015-10-20,1,30.010434782608694,314.59999999999997
Ariyalur,Ariyalur Market,Bajra(Pearl Millet/Cumbu),Other,FAQ,1719.0,1732.0,1732.0,2016-06-27,0,30.321739130434782,259.2
Salem,Gangavalli,Bajra(Pearl Millet/Cumbu),Other,FAQ,2000.0,2200.0,2100.0,2017-06-01,3,29.429565217391303,197.6
Coimbatore,Karamadai,Bajra(Pearl Millet/Cumbu),Other,FAQ,1600.0,1650.0,1625.0,2015-12-31,3,24.281739130434783,552.6
Cuddalore,Shrimushnam,Bajra(Pearl Millet/Cumbu),Bold,FAQ,1659.0,1669.0,1669.0,2016-09-28,2,29.709565217391308,338.90000000000003
Coimbatore,Thiruppur,Bajra(Pearl Millet/Cumbu),Other,FAQ,1450.0,1550.0,1500.0,2018-01-24,2,24.61913043478261,329.0
Coimbatore,Thiruppur,Bajra(Pearl Millet/Cumbu),Other,FAQ,1460.0,1550.0,1550.0,2017-11-23,3,24.722608695652177,616.5
Coimbatore,Thiruppur,Bajra(Pearl Millet/Cumbu),Other,FAQ,1550.0,1650.0,1600.0,2018-07-04,2,27.28608695652174,304.9
Cuddalore,Tittakudi,Bajra(Pearl Millet/Cumbu),Bold,FAQ,1482.0,1482.0,1482.0,2016-11-08,1,29.434782608695652,283.09999999999997
Cuddalore,Tittakudi,Bajra(Pearl Millet/Cumbu),Bold,FAQ,1509.0,1604.0,1604.0,2016-12-21,2,27.853913043478265,225.9
Cuddalore,Virudhachalam,Bajra(Pearl Millet/Cumbu),Other,FAQ,1436.0,2770.0,1455.0,2016-10-19,2,29.73913043478261,258.4
Cuddalore,Virudhachalam,Bajra(Pearl Millet/Cumbu),Other,FAQ,1465.0,2989.0,1526.0,2016-10-27,3,29.67391304347826,262.0
Cuddalore,Virudhachalam,Bajra(Pearl Millet/Cumbu),Other,FAQ,1500.0,3059.0,2629.0,2016-10-31,0,29.614782608695656,288.40000000000003
Cuddalore,Virudhachalam,Bajra(Pearl Millet/Cumbu),Other,FAQ,6124.0,7986.0,7376.0,2017-02-23,3,25.218260869565217,194.60000000000002
Cuddalore,Virudhachalam,Bajra(Pearl Millet/Cumbu),Other,FAQ,7238.0,9161.0,8252.0,2016-08-17,2,30.077391304347827,386.6
Ariyalur,Ariyalur Market,Bajra(Pearl Millet/Cumbu),Other,FAQ,1006.0,1231.0,1129.0,2017-12-12,1,27.035652173913043,838.3000000000001
Ariyalur,Ariyalur Market,Bajra(Pearl Millet/Cumbu),Other,FAQ,1420.0,1425.0,1423.0,2018-04-19,3,25.98521739130435,85.89999999999999
Ariyalur,Ariyalur Market,Bajra(Pearl Millet/Cumbu),Other,FAQ,1507.0,1507.0,1507.0,2015-09-21,0,30.526956521739134,242.8
Ariyalur,Ariyalur Market,Bajra(Pearl Millet/Cumbu),Other,FAQ,1550.0,1571.0,1569.0,2015-10-26,0,29.782608695652176,317.8
Ariyalur,Ariyalur Market,Bajra(Pearl Millet/Cumbu),Other,FAQ,1556.0,1556.0,1556.0,2015-11-02,0,29.363478260869563,393.4
Cuddalore,Shrimushnam,Bajra(Pearl Millet/Cumbu),Bold,FAQ,1459.0,1459.0,1459.0,2016-10-18,1,29.729565217391304,257.3
Coimbatore,Thiruppur,Bajra(Pearl Millet/Cumbu),Other,FAQ,1200.0,1300.0,1250.0,2015-05-18,0,26.18608695652174,357.79999999999995
Coimbatore,Thiruppur,Bajra(Pearl Millet/Cumbu),Other,FAQ,1450.0,1550.0,1500.0,2018-02-28,2,24.909565217391304,187.5
Coimbatore,Thiruppur,Bajra(Pearl Millet/Cumbu),Other,FAQ,1550.0,1650.0,1600.0,2018-04-04,2,25.94608695652174,112.10000000000001
Coimbatore,Thiruppur,Bajra(Pearl Millet/Cumbu),Other,FAQ,1550.0,1650.0,1600.0,2018-05-16,2,27.612173913043478,137.1
Cuddalore,Tittakudi,Bajra(Pearl Millet/Cumbu),Bold,FAQ,1243.0,1243.0,1243.0,2018-06-19,1,30.075652173913046,111.1
Cuddalore,Virudhachalam,Bajra(Pearl Millet/Cumbu),Other,FAQ,1621.0,3389.0,1625.0,2016-08-11,3,30.16521739130435,385.29999999999995
Cuddalore,Virudhachalam,Bajra(Pearl Millet/Cumbu),Other,FAQ,1653.0,4242.0,4089.0,2016-08-01,0,30.322608695652175,381.4
Ariyalur,Ariyalur Market,Bajra(Pearl Millet/Cumbu),Other,FAQ,926.0,1139.0,1100.0,2018-01-12,4,25.910434782608696,684.6999999999999
Ariyalur,Ariyalur Market,Bajra(Pearl Millet/Cumbu),Other,FAQ,1389.0,1419.0,1405.0,2016-03-08,1,25.237391304347828,334.5
Ariyalur,Ariyalur Market,Bajra(Pearl Millet/Cumbu),Other,FAQ,1528.0,1528.0,1528.0,2015-10-29,3,29.599130434782605,350.5
Cuddalore,Bhuvanagiri,Bajra(Pearl Millet/Cumbu),Other,FAQ,1186.0,1316.0,1289.0,2015-08-31,0,30.353043478260872,284.0
Coimbatore,Karamadai,Bajra(Pearl Millet/Cumbu),Other,FAQ,1400.0,1500.0,1450.0,2015-06-11,3,26.769565217391303,389.59999999999997
Coimbatore,Karamadai,Bajra(Pearl Millet/Cumbu),Other,FAQ,1800.0,1900.0,1850.0,2015-08-09,6,25.60347826086956,480.5
Coimbatore,Karamadai,Bajra(Pearl Millet/Cumbu),Other,FAQ,1800.0,1900.0,1850.0,2015-08-17,0,25.480000000000004,489.6
Cuddalore,Shrimushnam,Bajra(Pearl Millet/Cumbu),Bold,FAQ,1509.0,1509.0,1509.0,2016-09-14,2,29.764347826086954,347.2
Coimbatore,Thiruppur,Bajra(Pearl Millet/Cumbu),Other,FAQ,1100.0,1300.0,1200.0,2015-03-25,2,23.970434782608695,123.8
Coimbatore,Thiruppur,Bajra(Pearl Millet/Cumbu),Other,FAQ,1200.0,1300.0,1250.0,2015-06-08,0,26.752173913043478,377.4
Coimbatore,Thiruppur,Bajra(Pearl Millet/Cumbu),Other,FAQ,1200.0,1300.0,1250.0,2015-06-10,2,26.76869565217391,385.59999999999997
Coimbatore,Thiruppur,Bajra(Pearl Millet/Cumbu),Other,FAQ,1350.0,1500.0,1400.0,2017-01-19,3,24.917391304347827,223.3
Coimbatore,Thiruppur,Bajra(Pearl Millet/Cumbu),Other,FAQ,1350.0,1550.0,1450.0,2017-07-12,2,27.45478260869565,310.1
Coimbatore,Thiruppur,Bajra(Pearl Millet/Cumbu),Other,FAQ,1450.0,1550.0,1500.0,2018-02-07,2,24.61304347826087,304.6
Coimbatore,Thiruppur,Bajra(Pearl Millet/Cumbu),Other,FAQ,1500.0,1600.0,1550.0,2018-03-15,3,25.324347826086953,173.5
Coimbatore,Thiruppur,Bajra(Pearl Millet/Cumbu),Other,FAQ,1500.0,1600.0,1550.0,2018-04-28,5,27.00608695652174,110.7
Coimbatore,Thiruppur,Bajra(Pearl Millet/Cumbu),Other,FAQ,1500.0,1700.0,1600.0,2018-09-14,4,24.939999999999998,414.7
Coimbatore,Thiruppur,Bajra(Pearl Millet/Cumbu),Other,FAQ,1550.0,1700.0,1600.0,2018-04-18,2,26.58782608695652,109.5
Coimbatore,Thiruppur,Bajra(Pearl Millet/Cumbu),Other,FAQ,1600.0,1700.0,1650.0,2018-07-25,2,26.683478260869563,269.1
Coimbatore,Thiruppur,Bajra(Pearl Millet/Cumbu),Other,FAQ,1600.0,1800.0,1700.0,2018-08-23,3,25.48173913043478,389.8
Coimbatore,Thiruppur,Bajra(Pearl Millet/Cumbu),Other,FAQ,1900.0,2100.0,2000.0,2018-12-19,2,25.088695652173914,561.6999999999999
Cuddalore,Tittakudi,Bajra(Pearl Millet/Cumbu),Bold,FAQ,1809.0,1809.0,1809.0,2016-11-07,0,29.45391304347826,287.40000000000003
Cuddalore,Virudhachalam,Bajra(Pearl Millet/Cumbu),Other,FAQ,5836.0,7366.0,6511.0,2017-07-12,2,31.717391304347824,120.9
Ariyalur,Ariyalur Market,Bajra(Pearl Millet/Cumbu),Other,FAQ,1170.0,1620.0,1430.0,2017-10-03,1,29.850434782608698,458.6
Ariyalur,Ariyalur Market,Bajra(Pearl Millet/Cumbu),Other,FAQ,1375.0,1375.0,1375.0,2015-03-11,2,24.53391304347826,242.49999999999997
Ariyalur,Ariyalur Market,Bajra(Pearl Millet/Cumbu),Other,FAQ,1489.0,1543.0,1543.0,2016-06-08,2,29.997391304347826,181.9
Ariyalur,Ariyalur Market,Bajra(Pearl Millet/Cumbu),Other,FAQ,1513.0,1513.0,1513.0,2015-09-14,0,30.536521739130436,241.89999999999998
Ariyalur,Ariyalur Market,Bajra(Pearl Millet/Cumbu),Other,FAQ,1521.0,1521.0,1521.0,2015-07-29,2,30.137391304347826,278.09999999999997
Ariyalur,Ariyalur Market,Bajra(Pearl Millet/Cumbu),Other,FAQ,1653.0,1661.0,1661.0,2016-09-21,2,29.716521739130435,310.40000000000003
Ariyalur,Ariyalur Market,Bajra(Pearl Millet/Cumbu),Other,FAQ,2660.0,2900.0,2860.0,2016-10-24,0,29.82695652173913,253.0
Cuddalore,Cuddalore,Bajra(Pearl Millet/Cumbu),Bold,FAQ,1439.0,1439.0,1439.0,2016-09-02,4,29.803478260869564,457.0
Salem,Gangavalli,Bajra(Pearl Millet/Cumbu),Other,FAQ,1700.0,1800.0,1750.0,2017-11-02,3,26.64086956521739,693.8
Coimbatore,Karamadai,Bajra(Pearl Millet/Cumbu),Other,FAQ,1500.0,1700.0,1600.0,2018-03-13,1,25.3,166.39999999999998
Coimbatore,Karamadai,Bajra(Pearl Millet/Cumbu),Other,FAQ,1950.0,2000.0,1975.0,2017-06-03,5,28.108695652173914,134.9
Cuddalore,Shrimushnam,Bajra(Pearl Millet/Cumbu),Bold,FAQ,1473.0,1529.0,1529.0,2016-11-07,0,29.45391304347826,287.40000000000003
Cuddalore,Shrimushnam,Bajra(Pearl Millet/Cumbu),Bold,FAQ,1629.0,2649.0,2649.0,2016-10-26,2,29.686086956521734,263.4
Salem,Thammampati,Bajra(Pearl Millet/Cumbu),Other,FAQ,1800.0,2000.0,1900.0,2017-09-13,2,27.64,558.2
Coimbatore,Thiruppur,Bajra(Pearl Millet/Cumbu),Other,FAQ,1100.0,1300.0,1200.0,2016-02-17,2,23.644347826086957,409.1
Coimbatore,Thiruppur,Bajra(Pearl Millet/Cumbu),Other,FAQ,1150.0,1350.0,1250.0,2016-06-29,2,28.215652173913046,159.1
Coimbatore,Thiruppur,Bajra(Pearl Millet/Cumbu),Other,FAQ,1200.0,1400.0,1300.0,2015-03-23,0,23.829565217391306,134.6
Coimbatore,Thiruppur,Bajra(Pearl Millet/Cumbu),Other,FAQ,1300.0,1500.0,1400.0,2015-03-11,2,23.43913043478261,121.1
Coimbatore,Thiruppur,Bajra(Pearl Millet/Cumbu),Other,FAQ,1350.0,1550.0,1450.0,2017-02-22,2,24.86,160.10000000000002
Coimbatore,Thiruppur,Bajra(Pearl Millet/Cumbu),Other,FAQ,1500.0,1600.0,1550.0,2018-03-14,2,25.31304347826087,171.5
Coimbatore,Thiruppur,Bajra(Pearl Millet/Cumbu),Other,FAQ,1550.0,1650.0,1600.0,2018-04-19,3,26.621739130434783,110.0
Coimbatore,Thiruppur,Bajra(Pearl Millet/Cumbu),Other,FAQ,1550.0,1700.0,1600.0,2018-04-11,2,26.265217391304347,106.2
Cuddalore,Tittakudi,Bajra(Pearl Millet/Cumbu),Bold,FAQ,1629.0,1629.0,1629.0,2017-01-04,2,27.33739130434783,179.50000000000003
Ariyalur,Ariyalur Market,Bajra(Pearl Millet/Cumbu),Other,FAQ,1220.0,1493.0,1350.0,2017-08-11,4,31.41304347826087,239.3
Ariyalur,Ariyalur Market,Bajra(Pearl Millet/Cumbu),Other,FAQ,1236.0,1756.0,1556.0,2017-11-29,2,27.43826086956522,875.5000000000001
Ariyalur,Ariyalur Market,Bajra(Pearl Millet/Cumbu),Other,FAQ,1400.0,1440.0,1430.0,2018-02-13,1,24.702608695652174,488.2
Ariyalur,Ariyalur Market,Bajra(Pearl Millet/Cumbu),Other,FAQ,1853.0,1853.0,1853.0,2017-03-13,0,25.263478260869565,148.7
Coimbatore,Karamadai,Bajra(Pearl Millet/Cumbu),Other,FAQ,1500.0,1600.0,1550.0,2015-10-08,3,24.955652173913045,358.8
Cuddalore,Shrimushnam,Bajra(Pearl Millet/Cumbu),Bold,FAQ,1379.0,1379.0,1379.0,2018-03-07,2,24.771304347826085,368.0
Cuddalore,Shrimushnam,Bajra(Pearl Millet/Cumbu),Bold,FAQ,1419.0,1419.0,1419.0,2016-11-10,3,29.390434782608697,268.59999999999997
Cuddalore,Shrimushnam,Bajra(Pearl Millet/Cumbu),Bold,FAQ,1450.0,1950.0,1950.0,2016-09-19,0,29.676521739130436,353.9
Cuddalore,Shrimushnam,Bajra(Pearl Millet/Cumbu),Bold,FAQ,1569.0,1569.0,1569.0,2016-10-25,1,29.70521739130435,263.4
Coimbatore,Thiruppur,Bajra(Pearl Millet/Cumbu),Other,FAQ,1000.0,1300.0,1250.0,2015-03-17,1,23.593043478260867,135.6
Coimbatore,Thiruppur,Bajra(Pearl Millet/Cumbu),Other,FAQ,1150.0,1350.0,1250.0,2016-04-06,2,25.730434782608697,24.499999999999996
Coimbatore,Thiruppur,Bajra(Pearl Millet/Cumbu),Other,FAQ,1150.0,1350.0,1250.0,2016-02-11,3,23.681739130434785,419.7
Coimbatore,Thiruppur,Bajra(Pearl Millet/Cumbu),Other,FAQ,1200.0,1400.0,1300.0,2015-03-04,2,23.25913043478261,171.5
Coimbatore,Thiruppur,Bajra(Pearl Millet/Cumbu),Other,FAQ,1200.0,1400.0,1300.0,2015-07-15,2,26.421739130434784,410.59999999999997
Coimbatore,Thiruppur,Bajra(Pearl Millet/Cumbu),Other,FAQ,1250.0,1350.0,1300.0,2016-06-08,2,28.62521739130435,78.7
Coimbatore,Thiruppur,Bajra(Pearl Millet/Cumbu),Other,FAQ,1300.0,1500.0,1400.0,2015-01-14,2,23.38,533.6
Coimbatore,Thiruppur,Bajra(Pearl Millet/Cumbu),Other,FAQ,1400.0,1600.0,1500.0,2017-08-02,2,26.718260869565217,348.7
Coimbatore,Thiruppur,Bajra(Pearl Millet/Cumbu),Other,FAQ,1400.0,1600.0,1500.0,2018-01-10,2,24.559130434782606,379.4
Coimbatore,Thiruppur,Bajra(Pearl Millet/Cumbu),Other,FAQ,1450.0,1500.0,1475.0,2017-09-13,2,25.164347826086956,604.7
Ariyalur,Ariyalur Market,Bajra(Pearl Millet/Cumbu),Other,FAQ,1351.0,1575.0,1390.0,2017-11-16,3,28.026086956521738,902.4000000000001
Ariyalur,Ariyalur Market,Bajra(Pearl Millet/Cumbu),Other,FAQ,1430.0,1450.0,1450.0,2015-04-23,3,26.21217391304348,82.9
Ariyalur,Ariyalur Market,Bajra(Pearl Millet/Cumbu),Other,FAQ,1500.0,2016.0,1800.0,2017-04-17,0,26.68782608695652,117.8
Ariyalur,Ariyalur Market,Bajra(Pearl Millet/Cumbu),Other,FAQ,1800.0,1900.0,1850.0,2017-03-22,2,25.523478260869567,155.89999999999998
Erode,Dharapuram,Bajra(Pearl Millet/Cumbu),Local,FAQ,1900.0,2100.0,2000.0,2017-07-19,2,30.666956521739134,200.0
Coimbatore,Karamadai,Bajra(Pearl Millet/Cumbu),Other,FAQ,1500.0,1600.0,1550.0,2016-03-23,2,24.925217391304347,76.2
Cuddalore,Shrimushnam,Bajra(Pearl Millet/Cumbu),Bold,FAQ,1500.0,1500.0,1500.0,2016-10-03,0,29.677391304347825,341.8
Theni,Theni,Bajra(Pearl Millet/Cumbu),Small,FAQ,2250.0,2350.0,2300.0,2018-11-27,1,25.337391304347825,793.5
Coimbatore,Thiruppur,Bajra(Pearl Millet/Cumbu),Other,FAQ,1200.0,1400.0,1300.0,2015-03-05,3,23.279999999999998,166.5
Coimbatore,Thiruppur,Bajra(Pearl Millet/Cumbu),Other,FAQ,1200.0,1400.0,1300.0,2016-08-17,2,26.03304347826087,262.3
Coimbatore,Thiruppur,Bajra(Pearl Millet/Cumbu),Other,FAQ,1450.0,1550.0,1500.0,2017-11-13,0,24.81391304347826,629.6999999999999
Coimbatore,Thiruppur,Bajra(Pearl Millet/Cumbu),Other,FAQ,1500.0,1700.0,1600.0,2017-07-19,2,27.18,318.5
Coimbatore,Thiruppur,Bajra(Pearl Millet/Cumbu),Other,FAQ,1650.0,1750.0,1700.0,2018-08-01,2,26.444347826086954,276.5
Cuddalore,Tittakudi,Bajra(Pearl Millet/Cumbu),Bold,FAQ,1029.0,1309.0,1303.0,2018-06-12,1,29.631304347826084,108.5
Cuddalore,Virudhachalam,Bajra(Pearl Millet/Cumbu),Other,FAQ,5859.0,8950.0,6910.0,2016-09-30,4,29.68521739130435,345.9
Ariyalur,Ariyalur Market,Bajra(Pearl Millet/Cumbu),Other,FAQ,1121.0,1139.0,1129.0,2018-01-11,3,25.948695652173914,684.8000000000001
Ariyalur,Ariyalur Market,Bajra(Pearl Millet/Cumbu),Other,FAQ,1753.0,1766.0,1766.0,2016-06-30,3,30.34434782608696,267.2
Ariyalur,Ariyalur Market,Bajra(Pearl Millet/Cumbu),Other,FAQ,1826.0,1826.0,1826.0,2016-04-11,0,26.78347826086957,12.7
Ariyalur,Ariyalur Market,Bajra(Pearl Millet/Cumbu),Other,FAQ,3055.0,3055.0,3055.0,2017-02-08,2,25.621739130434783,180.0
Coimbatore,Karamadai,Bajra(Pearl Millet/Cumbu),Other,FAQ,1300.0,1350.0,1325.0,2015-07-17,4,26.344347826086956,414.29999999999995
Cuddalore,Shrimushnam,Bajra(Pearl Millet/Cumbu),Bold,FAQ,1850.0,1850.0,1850.0,2016-08-18,3,30.069565217391304,386.6
Coimbatore,Thiruppur,Bajra(Pearl Millet/Cumbu),Other,FAQ,1100.0,1300.0,1200.0,2016-03-09,2,24.206956521739134,167.1
Coimbatore,Thiruppur,Bajra(Pearl Millet/Cumbu),Other,FAQ,1200.0,1300.0,1250.0,2016-04-21,3,26.722608695652173,12.200000000000001
Coimbatore,Thiruppur,Bajra(Pearl Millet/Cumbu),Other,FAQ,1200.0,1400.0,1300.0,2015-02-25,2,23.121739130434783,162.79999999999998
Coimbatore,Thiruppur,Bajra(Pearl Millet/Cumbu),Other,FAQ,1390.0,1500.0,1400.0,2017-05-03,2,27.25478260869565,104.7
Coimbatore,Thiruppur,Bajra(Pearl Millet/Cumbu),Other,FAQ,1410.0,1600.0,1500.0,2017-11-29,2,24.721739130434784,588.0
Coimbatore,Thiruppur,Bajra(Pearl Millet/Cumbu),Other,FAQ,1450.0,1550.0,1500.0,2017-12-06,2,24.62,618.6
Coimbatore,Thiruppur,Bajra(Pearl Millet/Cumbu),Other,FAQ,1550.0,1650.0,1600.0,2018-04-12,3,26.318260869565215,108.7
Coimbatore,Thiruppur,Bajra(Pearl Millet/Cumbu),Other,FAQ,1550.0,1650.0,1600.0,2018-05-23,2,27.76869565217391,158.4
Coimbatore,Thiruppur,Bajra(Pearl Millet/Cumbu),Other,FAQ,1600.0,1750.0,1650.0,2018-09-19,2,24.910434782608696,348.8
Coimbatore,Thiruppur,Bajra(Pearl Millet/Cumbu),Other,FAQ,1650.0,1800.0,1700.0,2018-10-17,2,24.927826086956525,543.7
Ariyalur,Ariyalur Market,Bajra(Pearl Millet/Cumbu),Other,FAQ,1300.0,1325.0,1310.0,2017-09-25,0,30.00695652173913,447.0
Ariyalur,Ariyalur Market,Bajra(Pearl Millet/Cumbu),Other,FAQ,1350.0,1425.0,1383.0,2018-04-20,4,26.047826086956523,85.89999999999999
Ariyalur,Ariyalur Market,Bajra(Pearl Millet/Cumbu),Other,FAQ,1429.0,1451.0,1451.0,2016-01-12,1,25.856521739130436,975.8
Ariyalur,Ariyalur Market,Bajra(Pearl Millet/Cumbu),Other,FAQ,1461.0,1479.0,1479.0,2015-11-13,4,28.833913043478262,748.8
Ariyalur,Ariyalur Market,Bajra(Pearl Millet/Cumbu),Other,FAQ,1500.0,1900.0,1600.0,2017-04-03,0,25.948695652173914,130.5
Ariyalur,Ariyalur Market,Bajra(Pearl Millet/Cumbu),Other,FAQ,1501.0,1545.0,1529.0,2017-12-27,2,26.455652173913045,752.4000000000001
Ariyalur,Ariyalur Market,Bajra(Pearl Millet/Cumbu),Other,FAQ,1663.0,1723.0,1681.0,2016-08-10,2,30.09304347826087,381.40000000000003
Ariyalur,Ariyalur Market,Bajra(Pearl Millet/Cumbu),Other,FAQ,1669.0,1671.0,1671.0,2016-10-17,0,29.851304347826083,239.3
Cuddalore,Cuddalore,Bajra(Pearl Millet/Cumbu),Bold,FAQ,1459.0,1459.0,1459.0,2018-01-11,3,25.963478260869568,865.1
Salem,Gangavalli,Bajra(Pearl Millet/Cumbu),Other,FAQ,1900.0,2100.0,2000.0,2017-05-30,1,29.338260869565218,197.3
Cuddalore,Shrimushnam,Bajra(Pearl Millet/Cumbu),Bold,FAQ,1609.0,1609.0,1609.0,2016-10-04,1,29.671304347826084,341.9
Coimbatore,Thiruppur,Bajra(Pearl Millet/Cumbu),Other,FAQ,1100.0,1300.0,1200.0,2016-02-24,2,23.73913043478261,333.7
Coimbatore,Thiruppur,Bajra(Pearl Millet/Cumbu),Other,FAQ,1200.0,1400.0,1300.0,2015-04-08,2,24.73391304347826,89.8
Coimbatore,Thiruppur,Bajra(Pearl Millet/Cumbu),Other,FAQ,1200.0,1400.0,1300.0,2016-07-13,2,27.681739130434785,176.3
Coimbatore,Thiruppur,Bajra(Pearl Millet/Cumbu),Other,FAQ,1600.0,1700.0,1650.0,2018-08-16,3,25.793043478260866,378.8
Cuddalore,Virudhachalam,Bajra(Pearl Millet/Cumbu),Other,FAQ,1539.0,3504.0,1670.0,2016-10-06,3,29.668695652173913,334.7
